"","columns","overall"
"6","sqrt.eqpdays",18.1268868555347
"10","cbrt.overage",16.1452526543956
"3","changem",10.2788204222125
"5","sqrt.mou",10.1570130051197
"1","refurb",8.73412529058028
"4","ownrent",7.03531582015304
"8","log.phones",6.51940807340944
"7","log.months",6.09386670803481
"2","webcap",4.71860653479624
"9","sqrt.outcalls",2.06374615894691
