"","decile","Count","Actual_spend","Predicted_spend"
"1",10,350,6.64623170435305,6.68761822545132
"2",9,350,6.40951805807537,6.4390026013354
"3",8,350,6.21402325931371,6.28266928802551
"4",7,350,6.13651983418468,6.1627319022309
"5",6,350,6.04372185164746,6.05726399561136
"6",5,350,5.91080307997284,5.95574996520728
"7",4,350,5.88709706038627,5.86025941924936
"8",3,350,5.75377014849731,5.76122640104659
"9",2,350,5.65763271451761,5.65772123008585
"10",1,350,5.50710115803135,5.47944008340419
